[
    {
        "age": "Младший школьный возраст (7-10 лет)",
        "name": "Выжигание",
        "description": "Если Вы хотите, чтобы ваш сын вырос настоящим мужчиной смело ведите его на кружок выжигания.",
        "teacher": "Петров Иван Васильевич",
        "time": "27.02.2025 12:46:53"
    },
    {
        "age": "Средний школьный возраст (10-14 лет)",
        "name": "Театральный",
        "description": "Если вышему ребёнку нравиться литература и театр, смело ведите его сюда.",
        "teacher": "Петрова Анастасия Григорьевна",
        "time": "27.02.2025 12:48:00"
    },
    {
        "age": "Средний школьный возраст (10-14 лет)",
        "name": "Кулинарный",
        "description": "Описание отсутствует.",
        "teacher": "Воробьева Анна Витальевна",
        "time": "27.02.2025 12:49:12"
    },
    {
        "age": "Старший дошкольный возраст (5-7 лет)",
        "name": "ЛФК",
        "description": "Подтянем физическое состояние вашего ребёнка.",
        "teacher": "Воробьёва Анна Витальевна",
        "time": "27.02.2025 12:49:53"
    }
]