[
    {
        "name": "Степанов Григорий Алексеевич",
        "age": "Младший школьный возраст (7-10 лет)",
        "course": "Выжигание",
        "parent_phone_num": "+7 (982) 000-00-00",
        "time": "27.02.2025 13:02:07"
    },
    {
        "name": "Головлёв Иван Григорьевич",
        "age": "Старший школьный возраст (14-17 лет)",
        "course": "Выжигание",
        "parent_phone_num": "+790099889189082810",
        "time": "27.02.2025 13:02:41"
    },
    {
        "name": "Боголюбов Пётр Сергеевич",
        "age": "Младший школьный возраст (7-10 лет)",
        "course": "ЛФК",
        "parent_phone_num": "+7 912 299 10 02",
        "time": "27.02.2025 13:03:32"
    },
    {
        "name": "Петров Дмитрий Дмитриевич",
        "age": "Старший школьный возраст (14-17 лет)",
        "course": "Театральный",
        "parent_phone_num": "+7 910 000 77 88",
        "time": "27.02.2025 13:04:39"
    }
]